Time,m_2_Positive,m_2_Negative,m_3_Positive,m_3_Negative,m_5_Positive,m_5_Negative,m_10_Positive,m_10_Negative
0,5.666666666666667,3.0,5.666666666666667,4.666666666666667,1.6666666666666667,3.6666666666666665,4.0,5.666666666666667
1,12.666666666666666,6.666666666666667,12.333333333333334,9.333333333333334,9.0,9.666666666666666,8.666666666666666,13.666666666666666
2,17.666666666666668,13.0,20.0,14.0,22.666666666666668,18.333333333333332,17.666666666666668,20.333333333333332
3,27.666666666666668,23.0,32.333333333333336,25.0,30.666666666666668,25.333333333333332,30.333333333333332,29.0
4,38.0,34.666666666666664,44.666666666666664,38.333333333333336,38.666666666666664,37.666666666666664,42.666666666666664,44.666666666666664
5,54.0,45.666666666666664,61.333333333333336,51.333333333333336,55.0,53.0,56.666666666666664,59.0
6,70.33333333333333,61.333333333333336,77.33333333333333,68.66666666666667,69.0,70.0,70.0,76.66666666666667
7,86.0,75.0,91.33333333333333,83.0,86.33333333333333,83.0,85.0,88.33333333333333
8,98.66666666666667,90.0,113.33333333333333,102.33333333333333,106.66666666666667,96.33333333333333,97.0,106.0
9,114.33333333333333,100.33333333333333,121.0,115.33333333333333,121.33333333333333,107.33333333333333,108.0,118.0
10,125.0,111.0,132.0,123.33333333333333,128.33333333333334,115.66666666666667,118.33333333333333,129.66666666666666
11,132.0,116.66666666666667,140.0,132.0,139.0,121.33333333333333,125.66666666666667,136.0
12,138.0,124.66666666666667,144.0,136.0,145.0,126.66666666666667,130.33333333333334,140.33333333333334
13,144.0,128.0,146.66666666666666,137.0,148.66666666666666,131.0,134.66666666666666,145.0
14,147.66666666666666,133.66666666666666,148.33333333333334,140.33333333333334,149.66666666666666,133.0,134.33333333333334,148.33333333333334
15,151.0,132.0,150.0,139.33333333333334,151.66666666666666,132.0,139.33333333333334,150.0
16,153.33333333333334,132.33333333333334,149.66666666666666,140.0,153.0,133.66666666666666,139.0,151.0
17,155.33333333333334,135.0,147.66666666666666,138.66666666666666,154.33333333333334,134.66666666666666,141.0,150.33333333333334
18,156.0,135.33333333333334,148.0,138.66666666666666,155.0,134.66666666666666,140.66666666666666,149.33333333333334
19,154.66666666666666,136.0,148.33333333333334,140.33333333333334,154.33333333333334,135.33333333333334,142.66666666666666,148.0
20,154.33333333333334,134.0,145.66666666666666,140.33333333333334,153.66666666666666,137.33333333333334,141.66666666666666,149.66666666666666
21,152.33333333333334,136.33333333333334,146.0,139.0,153.66666666666666,138.0,141.0,149.33333333333334
22,154.0,137.33333333333334,148.33333333333334,138.33333333333334,154.0,138.66666666666666,142.33333333333334,148.66666666666666
23,154.66666666666666,136.0,149.0,139.33333333333334,149.66666666666666,136.33333333333334,141.0,149.0
24,155.33333333333334,135.0,150.0,140.33333333333334,149.66666666666666,136.66666666666666,141.66666666666666,149.0
25,153.66666666666666,134.0,148.66666666666666,140.0,149.33333333333334,138.33333333333334,143.33333333333334,148.33333333333334
26,153.0,134.0,147.0,140.66666666666666,148.66666666666666,138.66666666666666,143.0,148.0
27,154.33333333333334,133.33333333333334,147.33333333333334,141.33333333333334,148.0,140.66666666666666,141.66666666666666,146.33333333333334
28,154.0,131.33333333333334,146.66666666666666,140.66666666666666,145.33333333333334,140.33333333333334,142.33333333333334,146.66666666666666
29,155.0,133.33333333333334,149.33333333333334,139.33333333333334,144.66666666666666,141.66666666666666,141.33333333333334,148.0
30,161.66666666666666,131.66666666666666,153.0,138.66666666666666,151.0,141.33333333333334,145.0,146.0
31,164.33333333333334,131.0,155.33333333333334,136.0,153.33333333333334,139.0,147.33333333333334,144.33333333333334
32,165.66666666666666,128.66666666666666,157.33333333333334,135.33333333333334,155.66666666666666,139.0,151.33333333333334,145.33333333333334
33,168.0,128.0,160.33333333333334,132.66666666666666,156.66666666666666,137.66666666666666,152.0,144.0
34,168.66666666666666,128.0,161.66666666666666,132.33333333333334,158.0,137.33333333333334,154.0,141.33333333333334
35,170.0,124.66666666666667,163.33333333333334,129.66666666666666,159.33333333333334,137.33333333333334,155.66666666666666,141.33333333333334
36,171.0,122.33333333333333,166.0,129.66666666666666,160.33333333333334,135.0,156.0,140.33333333333334
37,173.33333333333334,121.0,167.0,127.0,160.66666666666666,132.66666666666666,156.66666666666666,137.33333333333334
38,176.0,119.66666666666667,168.66666666666666,125.66666666666667,163.33333333333334,131.66666666666666,159.0,134.33333333333334
39,177.33333333333334,118.66666666666667,170.66666666666666,124.66666666666667,164.66666666666666,131.33333333333334,161.66666666666666,132.66666666666666
40,178.66666666666666,117.0,171.66666666666666,123.33333333333333,166.0,129.33333333333334,164.66666666666666,130.66666666666666
41,180.33333333333334,116.0,173.66666666666666,121.66666666666667,167.33333333333334,128.0,166.0,129.0
42,180.33333333333334,114.33333333333333,174.0,121.0,171.0,125.0,167.33333333333334,127.0
43,181.33333333333334,113.66666666666667,176.33333333333334,119.66666666666667,172.0,126.0,169.33333333333334,126.0
44,182.33333333333334,113.66666666666667,176.66666666666666,119.0,172.0,126.0,171.66666666666666,124.66666666666667
45,183.33333333333334,110.66666666666667,180.0,118.66666666666667,173.0,122.66666666666667,172.0,122.33333333333333
46,185.0,109.66666666666667,179.33333333333334,116.0,173.33333333333334,122.33333333333333,174.66666666666666,121.66666666666667
47,187.66666666666666,108.0,181.66666666666666,116.0,174.0,120.33333333333333,175.33333333333334,121.66666666666667
48,188.33333333333334,109.0,181.0,115.0,176.33333333333334,120.0,176.66666666666666,121.33333333333333
49,189.0,107.0,182.0,113.33333333333333,177.66666666666666,118.33333333333333,177.33333333333334,120.33333333333333
50,189.33333333333334,105.66666666666667,182.33333333333334,114.66666666666667,179.0,116.33333333333333,179.0,118.0
51,191.66666666666666,105.33333333333333,183.0,111.66666666666667,181.0,116.33333333333333,179.66666666666666,117.66666666666667
52,192.66666666666666,103.33333333333333,185.0,110.33333333333333,182.0,113.0,181.33333333333334,117.0
53,193.0,102.0,186.66666666666666,110.33333333333333,183.0,112.66666666666667,181.0,116.0
54,195.0,101.33333333333333,187.33333333333334,108.0,185.0,110.66666666666667,182.0,115.33333333333333
55,196.33333333333334,99.0,187.66666666666666,107.0,186.0,110.0,182.66666666666666,114.33333333333333
56,197.66666666666666,100.0,189.0,107.66666666666667,187.33333333333334,109.66666666666667,184.0,114.66666666666667
57,198.33333333333334,97.0,189.66666666666666,106.0,187.66666666666666,107.33333333333333,183.66666666666666,113.0
58,199.0,96.66666666666667,190.33333333333334,105.66666666666667,190.0,106.0,184.66666666666666,113.0
59,201.66666666666666,95.66666666666667,192.0,104.0,190.66666666666666,106.0,186.33333333333334,112.0
60,201.66666666666666,95.33333333333333,192.33333333333334,103.33333333333333,191.0,105.66666666666667,187.0,111.0
61,202.0,93.33333333333333,194.33333333333334,101.33333333333333,192.33333333333334,104.0,187.66666666666666,111.0
62,204.0,93.66666666666667,196.66666666666666,100.33333333333333,192.33333333333334,103.0,188.0,110.0
63,204.66666666666666,92.66666666666667,198.33333333333334,99.33333333333333,194.0,103.66666666666667,189.0,108.66666666666667
64,205.0,91.33333333333333,200.0,98.0,194.66666666666666,103.0,190.0,108.33333333333333
65,206.0,89.66666666666667,200.33333333333334,94.66666666666667,195.0,101.66666666666667,191.33333333333334,108.0
66,207.0,89.33333333333333,202.66666666666666,94.33333333333333,196.33333333333334,101.66666666666667,191.66666666666666,106.33333333333333
67,208.0,89.0,203.0,94.0,196.33333333333334,100.66666666666667,192.33333333333334,106.0
68,208.33333333333334,89.0,204.0,92.0,196.66666666666666,99.0,192.66666666666666,105.0
69,209.33333333333334,88.33333333333333,206.0,90.33333333333333,197.33333333333334,99.66666666666667,193.0,104.33333333333333
70,210.0,87.0,205.66666666666666,89.33333333333333,197.33333333333334,99.66666666666667,194.66666666666666,104.66666666666667
71,210.66666666666666,86.0,206.33333333333334,89.33333333333333,198.0,97.0,195.33333333333334,103.33333333333333
72,211.66666666666666,84.33333333333333,207.66666666666666,87.0,199.0,96.0,195.66666666666666,102.33333333333333
73,211.66666666666666,83.0,208.66666666666666,86.66666666666667,200.33333333333334,96.0,196.0,102.33333333333333
74,213.0,83.33333333333333,209.66666666666666,87.0,199.66666666666666,95.66666666666667,196.66666666666666,101.66666666666667
75,214.33333333333334,82.66666666666667,210.66666666666666,85.0,200.33333333333334,95.0,197.33333333333334,101.33333333333333
76,214.66666666666666,82.0,212.0,84.0,201.0,93.66666666666667,198.0,99.66666666666667
77,215.0,81.0,212.33333333333334,82.66666666666667,201.66666666666666,93.66666666666667,198.66666666666666,99.0
78,215.66666666666666,81.0,214.66666666666666,81.33333333333333,202.66666666666666,92.33333333333333,198.66666666666666,99.33333333333333
79,217.33333333333334,78.33333333333333,216.33333333333334,80.0,203.33333333333334,93.0,200.0,98.0
80,219.0,78.33333333333333,216.0,79.66666666666667,203.66666666666666,91.33333333333333,200.33333333333334,96.66666666666667
81,219.0,78.0,215.66666666666666,79.33333333333333,204.0,89.33333333333333,200.66666666666666,96.33333333333333
82,219.33333333333334,78.66666666666667,217.0,78.0,204.0,90.0,200.66666666666666,96.0
83,220.0,78.33333333333333,217.66666666666666,78.33333333333333,205.66666666666666,89.33333333333333,201.33333333333334,97.33333333333333
84,220.33333333333334,77.66666666666667,219.0,76.66666666666667,204.33333333333334,90.66666666666667,201.66666666666666,96.66666666666667
85,220.0,76.0,218.0,75.66666666666667,204.0,90.66666666666667,202.0,94.66666666666667
86,219.33333333333334,77.33333333333333,218.66666666666666,76.66666666666667,203.66666666666666,91.0,202.0,95.33333333333333
87,219.33333333333334,77.33333333333333,218.66666666666666,77.33333333333333,204.33333333333334,90.0,202.33333333333334,95.0
88,220.0,77.66666666666667,218.66666666666666,76.66666666666667,205.0,90.66666666666667,202.66666666666666,95.0
89,219.66666666666666,77.66666666666667,219.33333333333334,77.0,205.66666666666666,90.33333333333333,202.0,95.0
90,219.66666666666666,77.33333333333333,219.0,76.66666666666667,205.0,90.33333333333333,202.0,94.66666666666667
91,219.66666666666666,76.66666666666667,219.66666666666666,76.0,205.0,90.33333333333333,201.66666666666666,96.0
92,219.33333333333334,75.66666666666667,218.66666666666666,77.66666666666667,204.66666666666666,89.0,202.33333333333334,95.66666666666667
93,219.33333333333334,75.66666666666667,218.66666666666666,77.0,206.0,89.0,202.66666666666666,95.66666666666667
94,219.66666666666666,75.66666666666667,218.33333333333334,76.0,205.66666666666666,89.33333333333333,202.33333333333334,95.0
95,219.66666666666666,74.66666666666667,218.0,77.33333333333333,205.66666666666666,89.0,202.0,94.66666666666667
96,219.66666666666666,75.33333333333333,218.0,76.0,205.0,89.33333333333333,201.33333333333334,94.66666666666667
97,221.0,74.0,217.0,76.0,205.0,88.33333333333333,201.33333333333334,94.33333333333333
98,222.33333333333334,75.0,217.33333333333334,76.66666666666667,204.66666666666666,90.0,202.33333333333334,94.66666666666667
99,221.33333333333334,74.33333333333333,217.33333333333334,77.0,203.66666666666666,92.0,201.66666666666666,93.0
100,220.66666666666666,74.0,217.66666666666666,77.0,203.66666666666666,89.66666666666667,201.66666666666666,93.66666666666667
101,222.0,73.33333333333333,217.66666666666666,76.66666666666667,204.33333333333334,90.66666666666667,201.33333333333334,94.33333333333333
102,223.0,73.0,218.66666666666666,76.33333333333333,204.33333333333334,90.0,202.0,93.66666666666667
103,223.33333333333334,73.0,218.33333333333334,76.33333333333333,202.66666666666666,91.66666666666667,201.66666666666666,95.33333333333333
104,222.0,73.33333333333333,218.33333333333334,76.33333333333333,204.33333333333334,90.33333333333333,200.66666666666666,95.33333333333333
105,223.0,73.33333333333333,219.0,76.0,202.0,89.33333333333333,199.0,95.33333333333333
106,222.66666666666666,73.66666666666667,219.33333333333334,75.33333333333333,202.0,89.0,200.66666666666666,96.0
107,223.33333333333334,74.33333333333333,217.33333333333334,76.0,200.66666666666666,90.0,199.66666666666666,96.0
108,223.66666666666666,73.66666666666667,216.33333333333334,77.66666666666667,200.66666666666666,90.66666666666667,199.0,97.0
109,224.0,72.33333333333333,216.66666666666666,77.66666666666667,199.66666666666666,92.0,197.66666666666666,98.33333333333333
110,223.33333333333334,72.0,216.33333333333334,77.66666666666667,199.66666666666666,92.66666666666667,196.66666666666666,98.66666666666667
111,224.0,72.33333333333333,217.0,77.66666666666667,201.0,92.33333333333333,197.33333333333334,99.0
112,222.33333333333334,72.0,217.0,76.0,200.66666666666666,91.0,196.33333333333334,98.33333333333333
113,223.0,73.0,217.0,75.66666666666667,200.0,92.0,196.33333333333334,98.66666666666667
114,222.66666666666666,73.0,215.66666666666666,75.0,200.33333333333334,92.66666666666667,195.66666666666666,98.33333333333333
115,223.33333333333334,73.33333333333333,217.66666666666666,74.66666666666667,199.0,91.33333333333333,196.33333333333334,99.33333333333333
116,223.0,72.66666666666667,219.33333333333334,74.0,199.66666666666666,92.0,195.66666666666666,99.33333333333333
117,223.0,73.33333333333333,219.0,74.33333333333333,201.0,92.66666666666667,195.33333333333334,98.66666666666667
118,222.33333333333334,73.66666666666667,218.33333333333334,73.66666666666667,200.0,92.66666666666667,194.66666666666666,98.66666666666667
119,221.0,73.33333333333333,218.66666666666666,74.33333333333333,201.0,93.33333333333333,195.0,99.33333333333333
120,221.66666666666666,74.33333333333333,219.0,75.0,201.66666666666666,93.66666666666667,194.66666666666666,98.66666666666667
121,222.0,73.66666666666667,218.0,75.0,201.66666666666666,93.33333333333333,195.66666666666666,99.66666666666667
122,222.0,74.33333333333333,218.33333333333334,74.0,201.66666666666666,92.33333333333333,193.66666666666666,100.66666666666667
123,221.33333333333334,74.66666666666667,217.33333333333334,74.33333333333333,202.66666666666666,92.33333333333333,194.66666666666666,100.33333333333333
124,220.66666666666666,75.0,217.66666666666666,74.66666666666667,201.66666666666666,92.33333333333333,194.66666666666666,101.66666666666667
125,220.33333333333334,73.66666666666667,218.0,75.0,202.0,92.0,194.0,101.33333333333333
126,220.0,74.66666666666667,218.0,76.33333333333333,202.66666666666666,92.33333333333333,193.66666666666666,102.0
127,219.66666666666666,72.66666666666667,217.66666666666666,76.66666666666667,202.33333333333334,92.66666666666667,192.0,102.0
128,221.0,73.66666666666667,219.0,76.0,202.0,92.66666666666667,191.66666666666666,102.33333333333333
129,220.0,73.66666666666667,217.66666666666666,76.0,202.33333333333334,93.0,192.0,101.33333333333333
130,220.0,74.66666666666667,218.0,75.66666666666667,202.33333333333334,93.0,191.33333333333334,101.66666666666667
131,220.66666666666666,74.0,218.0,75.66666666666667,202.66666666666666,91.66666666666667,192.0,102.66666666666667
132,219.33333333333334,74.0,218.0,76.33333333333333,201.66666666666666,91.33333333333333,191.66666666666666,103.33333333333333
133,219.66666666666666,73.66666666666667,217.0,75.66666666666667,202.66666666666666,91.33333333333333,192.33333333333334,103.66666666666667
134,219.66666666666666,74.33333333333333,217.0,76.0,201.33333333333334,91.0,190.66666666666666,104.66666666666667
135,220.0,74.33333333333333,216.33333333333334,75.0,201.66666666666666,92.33333333333333,191.0,105.33333333333333
136,220.66666666666666,74.66666666666667,217.33333333333334,75.66666666666667,201.0,90.33333333333333,189.66666666666666,104.66666666666667
137,220.0,74.0,217.33333333333334,76.66666666666667,201.33333333333334,90.66666666666667,189.66666666666666,105.66666666666667
138,221.33333333333334,72.66666666666667,217.66666666666666,76.0,204.0,90.0,189.0,104.66666666666667
139,222.0,74.33333333333333,217.33333333333334,75.0,203.0,89.33333333333333,189.66666666666666,105.33333333333333
140,221.66666666666666,72.66666666666667,216.0,75.0,202.33333333333334,90.0,189.0,106.0
141,221.66666666666666,72.33333333333333,215.33333333333334,77.0,202.66666666666666,90.33333333333333,187.66666666666666,105.66666666666667
142,222.0,71.66666666666667,213.66666666666666,78.0,203.66666666666666,90.0,188.33333333333334,106.66666666666667
143,221.0,71.0,213.33333333333334,78.0,203.33333333333334,89.66666666666667,187.0,106.66666666666667
144,221.66666666666666,72.0,212.33333333333334,79.0,201.33333333333334,91.0,188.0,106.66666666666667
145,222.33333333333334,71.33333333333333,213.0,78.0,199.66666666666666,91.0,187.66666666666666,107.33333333333333
146,223.0,71.66666666666667,213.66666666666666,77.0,200.33333333333334,91.0,187.66666666666666,107.0
147,222.0,71.33333333333333,213.0,78.0,201.0,92.33333333333333,186.66666666666666,107.66666666666667
148,220.33333333333334,71.66666666666667,213.66666666666666,78.66666666666667,200.66666666666666,92.33333333333333,187.66666666666666,107.33333333333333
149,220.0,72.33333333333333,213.66666666666666,78.66666666666667,201.33333333333334,92.0,187.33333333333334,108.0
