Time,b_0.0_Positive,b_0.0_Negative,b_0.1_Positive,b_0.1_Negative,b_0.5_Positive,b_0.5_Negative,b_1.0_Positive,b_1.0_Negative
0,5.333333333333333,2.6666666666666665,4.333333333333333,5.333333333333333,4.333333333333333,4.333333333333333,4.0,2.3333333333333335
1,11.333333333333334,7.333333333333333,12.333333333333334,12.0,12.0,9.666666666666666,10.333333333333334,9.0
2,17.333333333333332,14.333333333333334,22.0,19.666666666666668,21.666666666666668,19.666666666666668,14.666666666666666,16.0
3,28.0,20.666666666666668,33.666666666666664,29.666666666666668,34.0,31.0,23.0,25.333333333333332
4,41.0,31.333333333333332,43.0,41.666666666666664,45.333333333333336,48.0,35.666666666666664,34.0
5,50.666666666666664,45.0,56.666666666666664,60.666666666666664,56.0,62.0,47.333333333333336,48.333333333333336
6,64.66666666666667,56.666666666666664,75.33333333333333,77.33333333333333,73.0,76.66666666666667,64.0,64.66666666666667
7,81.66666666666667,77.66666666666667,88.33333333333333,92.66666666666667,90.33333333333333,89.0,79.33333333333333,82.0
8,96.33333333333333,91.33333333333333,102.33333333333333,108.66666666666667,107.0,100.66666666666667,94.33333333333333,97.33333333333333
9,105.0,106.33333333333333,111.0,123.0,118.0,114.0,105.66666666666667,110.0
10,116.0,118.0,122.33333333333333,130.0,127.0,121.66666666666667,118.0,121.0
11,126.66666666666667,128.0,125.66666666666667,139.0,134.33333333333334,130.33333333333334,127.0,131.66666666666666
12,132.0,135.0,130.33333333333334,142.33333333333334,139.33333333333334,132.33333333333334,134.33333333333334,136.33333333333334
13,134.66666666666666,141.33333333333334,132.66666666666666,144.0,140.66666666666666,135.33333333333334,138.33333333333334,140.0
14,137.0,143.33333333333334,136.0,144.66666666666666,141.0,138.66666666666666,137.66666666666666,140.66666666666666
15,140.0,146.33333333333334,138.33333333333334,147.66666666666666,144.0,140.0,141.33333333333334,141.33333333333334
16,138.33333333333334,148.66666666666666,136.66666666666666,147.66666666666666,145.66666666666666,142.0,143.0,143.66666666666666
17,137.66666666666666,148.66666666666666,138.0,149.33333333333334,145.33333333333334,142.0,143.33333333333334,144.66666666666666
18,137.0,148.0,138.66666666666666,147.0,145.33333333333334,143.66666666666666,143.0,144.66666666666666
19,138.0,149.66666666666666,139.33333333333334,149.33333333333334,143.0,142.0,143.33333333333334,145.0
20,137.66666666666666,150.0,139.0,146.66666666666666,142.66666666666666,143.66666666666666,142.33333333333334,144.66666666666666
21,139.66666666666666,149.0,139.33333333333334,146.66666666666666,141.33333333333334,144.33333333333334,141.33333333333334,145.0
22,139.0,147.33333333333334,139.66666666666666,144.66666666666666,141.66666666666666,142.66666666666666,141.66666666666666,145.66666666666666
23,136.33333333333334,149.0,141.0,144.33333333333334,142.33333333333334,140.66666666666666,143.0,148.33333333333334
24,136.66666666666666,149.0,143.0,144.66666666666666,142.0,143.33333333333334,141.66666666666666,148.66666666666666
25,136.33333333333334,151.0,144.0,145.33333333333334,143.66666666666666,141.66666666666666,141.66666666666666,147.0
26,136.33333333333334,150.33333333333334,143.0,145.33333333333334,143.33333333333334,142.33333333333334,141.33333333333334,148.66666666666666
27,135.66666666666666,149.0,144.33333333333334,145.33333333333334,143.33333333333334,140.66666666666666,138.0,146.0
28,134.0,150.33333333333334,146.33333333333334,144.66666666666666,146.0,142.66666666666666,140.66666666666666,145.66666666666666
29,136.33333333333334,149.0,144.33333333333334,142.66666666666666,144.66666666666666,142.66666666666666,139.66666666666666,146.0
30,140.0,148.66666666666666,149.0,141.0,149.33333333333334,138.66666666666666,147.0,139.66666666666666
31,143.66666666666666,149.0,153.33333333333334,140.0,155.66666666666666,134.33333333333334,155.66666666666666,131.33333333333334
32,146.0,147.66666666666666,156.0,135.66666666666666,159.0,132.33333333333334,162.0,127.33333333333333
33,148.66666666666666,145.66666666666666,159.0,133.33333333333334,165.0,127.66666666666667,169.33333333333334,121.33333333333333
34,150.0,143.66666666666666,161.0,130.33333333333334,170.66666666666666,123.66666666666667,173.33333333333334,116.33333333333333
35,150.0,143.33333333333334,164.0,129.33333333333334,172.66666666666666,121.0,177.0,110.66666666666667
36,151.66666666666666,141.33333333333334,167.66666666666666,128.0,178.0,117.0,181.66666666666666,103.0
37,153.33333333333334,141.66666666666666,168.33333333333334,126.66666666666667,180.66666666666666,113.66666666666667,190.0,97.33333333333333
38,154.33333333333334,141.66666666666666,170.0,125.0,184.66666666666666,109.0,197.0,91.33333333333333
39,155.0,139.33333333333334,172.33333333333334,121.66666666666667,187.0,104.33333333333333,203.0,85.0
40,157.66666666666666,138.33333333333334,173.66666666666666,121.66666666666667,191.33333333333334,101.0,207.0,75.33333333333333
41,158.66666666666666,136.66666666666666,175.66666666666666,120.0,194.0,97.33333333333333,215.33333333333334,69.33333333333333
42,159.66666666666666,136.0,177.33333333333334,119.33333333333333,198.33333333333334,95.0,222.0,64.33333333333333
43,161.33333333333334,135.66666666666666,178.33333333333334,118.66666666666667,200.66666666666666,91.0,229.66666666666666,59.0
44,161.33333333333334,134.33333333333334,178.33333333333334,117.66666666666667,204.33333333333334,90.0,236.66666666666666,52.333333333333336
45,162.66666666666666,133.0,180.33333333333334,116.33333333333333,206.66666666666666,88.0,242.0,48.0
46,164.0,131.0,180.66666666666666,116.0,210.0,84.66666666666667,247.0,45.0
47,164.66666666666666,130.0,181.33333333333334,116.0,212.33333333333334,81.66666666666667,249.33333333333334,42.666666666666664
48,166.66666666666666,128.66666666666666,181.66666666666666,116.0,214.66666666666666,78.0,253.0,39.666666666666664
49,168.33333333333334,128.33333333333334,182.0,114.33333333333333,218.0,73.66666666666667,255.0,37.0
50,169.33333333333334,128.66666666666666,183.66666666666666,114.66666666666667,221.0,71.0,257.6666666666667,34.333333333333336
51,170.0,126.0,183.66666666666666,113.0,223.66666666666666,68.0,260.0,32.666666666666664
52,171.66666666666666,125.0,184.0,114.0,227.66666666666666,65.0,263.0,32.0
53,172.33333333333334,124.66666666666667,184.66666666666666,113.66666666666667,230.33333333333334,63.333333333333336,264.3333333333333,30.0
54,173.33333333333334,123.33333333333333,185.33333333333334,113.66666666666667,233.0,62.333333333333336,266.6666666666667,28.666666666666668
55,174.33333333333334,122.66666666666667,185.66666666666666,111.66666666666667,234.33333333333334,61.333333333333336,269.0,25.333333333333332
56,175.0,122.33333333333333,186.33333333333334,111.66666666666667,235.66666666666666,60.333333333333336,270.6666666666667,24.666666666666668
57,176.0,120.66666666666667,187.0,110.66666666666667,237.0,58.666666666666664,274.6666666666667,22.333333333333332
58,177.33333333333334,119.66666666666667,187.33333333333334,109.66666666666667,239.0,56.0,277.0,22.333333333333332
59,178.33333333333334,119.33333333333333,188.66666666666666,109.0,239.33333333333334,54.666666666666664,277.6666666666667,19.666666666666668
60,178.66666666666666,119.33333333333333,188.66666666666666,109.33333333333333,241.33333333333334,52.0,279.0,18.333333333333332
61,179.0,118.33333333333333,188.66666666666666,109.33333333333333,244.66666666666666,50.0,280.6666666666667,17.0
62,180.0,117.33333333333333,189.66666666666666,109.33333333333333,246.66666666666666,48.0,280.0,16.333333333333332
63,180.66666666666666,117.66666666666667,190.0,107.66666666666667,249.33333333333334,46.333333333333336,281.0,16.666666666666668
64,180.33333333333334,115.0,190.0,107.0,251.33333333333334,46.0,281.6666666666667,15.666666666666666
65,181.33333333333334,113.33333333333333,191.33333333333334,106.0,253.0,45.333333333333336,281.3333333333333,14.666666666666666
66,183.33333333333334,113.0,192.0,106.66666666666667,254.0,43.0,282.3333333333333,13.666666666666666
67,184.33333333333334,111.66666666666667,192.33333333333334,105.66666666666667,254.66666666666666,42.333333333333336,283.6666666666667,14.0
68,186.0,111.33333333333333,192.33333333333334,103.66666666666667,256.0,39.333333333333336,285.3333333333333,13.333333333333334
69,186.33333333333334,109.0,193.0,103.33333333333333,256.6666666666667,38.333333333333336,284.3333333333333,13.0
70,187.33333333333334,109.0,194.0,101.33333333333333,259.0,37.333333333333336,286.0,11.666666666666666
71,189.0,109.0,194.66666666666666,100.0,260.6666666666667,36.333333333333336,286.6666666666667,11.666666666666666
72,190.66666666666666,108.0,197.0,99.66666666666667,261.0,35.333333333333336,285.6666666666667,11.333333333333334
73,190.33333333333334,107.33333333333333,198.0,97.33333333333333,262.3333333333333,34.666666666666664,287.0,10.666666666666666
74,191.0,105.66666666666667,198.66666666666666,96.33333333333333,263.6666666666667,33.333333333333336,286.0,9.666666666666666
75,191.66666666666666,104.0,201.0,95.33333333333333,264.3333333333333,33.0,287.3333333333333,9.0
76,192.66666666666666,105.0,202.0,94.66666666666667,264.6666666666667,31.666666666666668,289.6666666666667,7.666666666666667
77,193.0,103.33333333333333,202.66666666666666,94.66666666666667,265.6666666666667,30.333333333333332,289.6666666666667,7.666666666666667
78,194.0,103.33333333333333,202.33333333333334,94.66666666666667,267.3333333333333,30.333333333333332,290.6666666666667,8.0
79,194.66666666666666,102.66666666666667,203.0,92.33333333333333,267.0,30.333333333333332,290.3333333333333,7.666666666666667
80,195.0,102.66666666666667,203.66666666666666,93.0,268.0,29.333333333333332,290.6666666666667,7.333333333333333
81,195.33333333333334,101.66666666666667,203.0,93.0,268.3333333333333,29.666666666666668,290.0,8.0
82,196.0,100.66666666666667,203.33333333333334,93.33333333333333,268.0,29.666666666666668,289.0,8.666666666666666
83,195.0,100.66666666666667,203.0,93.66666666666667,266.6666666666667,29.0,289.0,7.666666666666667
84,194.66666666666666,100.66666666666667,203.0,92.33333333333333,266.0,29.333333333333332,289.3333333333333,7.666666666666667
85,195.33333333333334,101.0,203.33333333333334,92.66666666666667,265.6666666666667,30.0,290.0,8.0
86,195.66666666666666,100.66666666666667,204.0,90.66666666666667,266.3333333333333,31.333333333333332,288.6666666666667,8.333333333333334
87,196.33333333333334,101.0,204.0,92.33333333333333,266.0,30.666666666666668,289.0,8.0
88,196.33333333333334,100.33333333333333,204.0,91.33333333333333,266.3333333333333,30.666666666666668,288.3333333333333,8.333333333333334
89,196.66666666666666,100.66666666666667,204.33333333333334,90.33333333333333,265.6666666666667,31.666666666666668,289.6666666666667,8.666666666666666
90,197.66666666666666,97.66666666666667,205.0,90.0,264.6666666666667,31.0,288.6666666666667,9.333333333333334
91,197.66666666666666,97.0,204.33333333333334,89.66666666666667,264.0,31.333333333333332,287.6666666666667,9.333333333333334
92,197.66666666666666,97.66666666666667,204.66666666666666,88.0,263.6666666666667,32.0,288.0,9.666666666666666
93,197.66666666666666,96.66666666666667,206.33333333333334,88.66666666666667,264.0,31.666666666666668,287.6666666666667,10.0
94,198.0,96.0,204.66666666666666,88.33333333333333,263.6666666666667,31.666666666666668,287.6666666666667,10.0
95,199.0,94.33333333333333,206.0,87.0,263.0,32.666666666666664,287.6666666666667,10.333333333333334
96,198.33333333333334,94.33333333333333,205.66666666666666,86.0,262.3333333333333,33.0,287.6666666666667,10.0
97,199.66666666666666,96.0,206.66666666666666,87.33333333333333,262.6666666666667,33.0,287.0,10.0
98,199.0,95.33333333333333,206.66666666666666,87.33333333333333,262.3333333333333,33.666666666666664,287.6666666666667,10.333333333333334
99,199.33333333333334,95.0,206.0,87.0,262.3333333333333,34.0,286.3333333333333,10.666666666666666
100,200.33333333333334,95.0,205.66666666666666,86.0,262.3333333333333,34.666666666666664,287.3333333333333,10.333333333333334
101,199.66666666666666,94.0,205.66666666666666,85.66666666666667,262.6666666666667,34.333333333333336,286.6666666666667,10.666666666666666
102,200.33333333333334,94.66666666666667,206.66666666666666,85.33333333333333,262.3333333333333,35.666666666666664,286.6666666666667,11.333333333333334
103,200.66666666666666,94.33333333333333,207.0,87.0,261.6666666666667,36.0,287.0,11.333333333333334
104,200.33333333333334,93.33333333333333,206.66666666666666,84.66666666666667,261.0,35.333333333333336,285.3333333333333,11.333333333333334
105,200.33333333333334,93.0,207.33333333333334,86.0,262.6666666666667,35.666666666666664,285.3333333333333,11.333333333333334
106,200.33333333333334,92.66666666666667,208.0,84.66666666666667,262.3333333333333,36.333333333333336,285.3333333333333,12.666666666666666
107,200.66666666666666,93.33333333333333,208.33333333333334,85.0,262.0,36.666666666666664,285.6666666666667,12.666666666666666
108,201.0,93.33333333333333,210.0,83.66666666666667,260.6666666666667,36.666666666666664,283.3333333333333,12.666666666666666
109,200.66666666666666,92.33333333333333,209.0,85.66666666666667,259.6666666666667,37.0,283.0,13.333333333333334
110,202.0,93.0,209.0,85.0,259.6666666666667,37.333333333333336,283.3333333333333,13.333333333333334
111,202.33333333333334,92.33333333333333,210.33333333333334,84.0,259.0,38.666666666666664,282.6666666666667,14.666666666666666
112,201.66666666666666,90.66666666666667,208.33333333333334,84.33333333333333,259.0,38.0,282.6666666666667,14.333333333333334
113,200.66666666666666,91.33333333333333,208.0,84.0,259.3333333333333,37.666666666666664,281.3333333333333,14.666666666666666
114,201.0,89.66666666666667,207.33333333333334,82.33333333333333,258.3333333333333,37.333333333333336,281.0,15.333333333333334
115,200.66666666666666,88.66666666666667,208.0,81.66666666666667,258.0,37.333333333333336,280.3333333333333,15.0
116,201.66666666666666,90.33333333333333,208.33333333333334,81.0,259.0,38.0,280.3333333333333,17.0
117,200.66666666666666,91.33333333333333,210.66666666666666,82.33333333333333,259.0,37.333333333333336,280.0,17.333333333333332
118,202.33333333333334,91.66666666666667,210.33333333333334,80.0,257.6666666666667,37.333333333333336,279.0,17.333333333333332
119,203.33333333333334,90.66666666666667,211.33333333333334,79.0,259.0,37.0,279.0,17.333333333333332
120,202.0,89.33333333333333,210.0,80.66666666666667,258.6666666666667,38.0,278.3333333333333,18.0
121,202.66666666666666,90.0,210.33333333333334,80.66666666666667,258.0,38.0,279.0,18.333333333333332
122,203.66666666666666,88.66666666666667,209.66666666666666,80.66666666666667,257.3333333333333,38.666666666666664,278.6666666666667,18.0
123,202.33333333333334,89.0,209.66666666666666,81.66666666666667,255.66666666666666,38.333333333333336,278.0,17.666666666666668
124,201.33333333333334,89.66666666666667,208.66666666666666,82.0,256.0,39.0,277.6666666666667,18.0
125,201.33333333333334,89.66666666666667,208.33333333333334,82.33333333333333,256.3333333333333,38.0,278.0,19.0
126,202.0,91.66666666666667,208.66666666666666,84.0,255.33333333333334,38.666666666666664,277.0,18.666666666666668
127,201.66666666666666,91.33333333333333,208.66666666666666,81.66666666666667,255.66666666666666,39.666666666666664,277.6666666666667,20.666666666666668
128,200.33333333333334,93.0,208.0,82.33333333333333,257.3333333333333,39.333333333333336,276.3333333333333,21.0
129,199.33333333333334,95.0,207.33333333333334,81.66666666666667,257.3333333333333,38.333333333333336,275.3333333333333,20.333333333333332
130,199.33333333333334,94.33333333333333,208.33333333333334,82.33333333333333,256.0,38.333333333333336,276.3333333333333,21.333333333333332
131,198.33333333333334,95.0,207.66666666666666,83.33333333333333,255.0,39.333333333333336,276.3333333333333,19.666666666666668
132,197.0,93.66666666666667,205.33333333333334,82.0,255.33333333333334,39.666666666666664,275.0,18.666666666666668
133,195.66666666666666,96.0,206.0,83.0,255.0,40.333333333333336,273.0,21.0
134,197.66666666666666,96.33333333333333,206.0,83.33333333333333,252.66666666666666,41.333333333333336,273.6666666666667,21.333333333333332
135,197.66666666666666,96.33333333333333,206.66666666666666,83.66666666666667,253.66666666666666,41.333333333333336,272.6666666666667,21.333333333333332
136,197.33333333333334,96.0,209.33333333333334,83.33333333333333,253.0,43.0,273.6666666666667,21.666666666666668
137,197.0,95.66666666666667,209.66666666666666,83.0,250.66666666666666,43.333333333333336,271.6666666666667,21.0
138,196.33333333333334,97.66666666666667,206.66666666666666,81.66666666666667,248.66666666666666,43.333333333333336,270.6666666666667,21.333333333333332
139,194.33333333333334,96.66666666666667,207.33333333333334,82.66666666666667,247.66666666666666,44.333333333333336,269.3333333333333,22.333333333333332
140,192.66666666666666,97.0,207.66666666666666,81.0,247.66666666666666,45.333333333333336,268.6666666666667,22.0
141,194.0,96.0,210.0,82.33333333333333,246.66666666666666,44.666666666666664,268.0,24.0
142,194.33333333333334,95.66666666666667,209.33333333333334,82.0,247.66666666666666,45.333333333333336,267.0,26.0
143,193.66666666666666,96.66666666666667,209.66666666666666,82.66666666666667,247.33333333333334,45.666666666666664,267.0,26.0
144,193.33333333333334,100.0,208.66666666666666,83.0,246.33333333333334,46.333333333333336,266.6666666666667,26.666666666666668
145,193.66666666666666,99.33333333333333,207.66666666666666,83.33333333333333,247.66666666666666,44.333333333333336,265.6666666666667,27.0
146,195.33333333333334,99.66666666666667,210.0,83.33333333333333,245.33333333333334,46.0,265.3333333333333,27.0
147,195.66666666666666,98.66666666666667,208.0,84.0,244.33333333333334,45.666666666666664,264.0,28.666666666666668
148,195.0,98.0,208.33333333333334,83.33333333333333,245.0,46.666666666666664,262.3333333333333,30.666666666666668
149,193.66666666666666,97.0,207.66666666666666,84.66666666666667,246.66666666666666,46.333333333333336,261.6666666666667,31.666666666666668
